srno, useragents
1, Mozilla/5.0 (Macintosh; Intel Mac OS X 10_15_7) AppleWebKit/605.1.15 (KHTML, like Gecko) Version/16.6 Mobile/15E148 Safari/604.
2, Mozilla/5.0 (Macintosh; Intel Mac OS X 10_15_7) AppleWebKit/605.1.15 (KHTML, like Gecko) Version/17.2 Safari/605.1.1
3, Mozilla/5.0 (Windows NT 10.0; Win64; x64) AppleWebKit/537.36 (KHTML, like Gecko) Chrome/121.0.0.0 Safari/537.3
4, Mozilla/5.0 (Windows NT 10.0; Win64; x64) AppleWebKit/537.36 (KHTML, like Gecko) Chrome/120.0.0.0 Safari/537.36 Edg/120.0.0.
5, Mozilla/5.0 (Windows NT 10.0; Win64; x64; rv:122.0) Gecko/20100101 Firefox/122.
6, Mozilla/5.0 (Windows NT 10.0; Win64; x64) AppleWebKit/537.36 (KHTML, like Gecko) Chrome/109.0.0.0 Safari/537.3
7, Mozilla/5.0 (Windows NT 10.0; Win64; x64; rv:121.0) Gecko/20100101 Firefox/121.
8, Mozilla/5.0 (Windows NT 10.0; Win64; x64) AppleWebKit/537.36 (KHTML, like Gecko) Chrome/120.0.0.0 Safari/537.36 OPR/106.0.0.
9, Mozilla/5.0 (Windows NT 6.1; Win64; x64; rv:109.0) Gecko/20100101 Firefox/115.
10, Mozilla/5.0 (Windows NT 10.0; Win64; x64) AppleWebKit/537.36 (KHTML, like Gecko) Chrome/119.0.0.0 Safari/537.3
11, Mozilla/5.0 (Windows NT 10.0; Win64; x64) AppleWebKit/537.36 (KHTML, like Gecko) Chrome/117.0.0.0 Safari/537.36 Edg/117.0.2045.6
12, Mozilla/5.0 (Windows NT 10.0; Win64; x64) AppleWebKit/537.36 (KHTML, like Gecko) Chrome/104.0.0.0 Safari/537.3
13, Mozilla/5.0 (Windows NT 10.0; Win64; x64) AppleWebKit/537.36 (KHTML, like Gecko) Chrome/107.0.0.0 Safari/537.36 Edg/107.0.1418.2
14, Mozilla/5.0 (Windows NT 10.0; Win64; x64) AppleWebKit/537.36 (KHTML, like Gecko) Chrome/101.0.4951.54 Safari/537.3
15, Mozilla/5.0 (Windows NT 10.0; Win64; x64) AppleWebKit/537.36 (KHTML, like Gecko) Chrome/117.0.0.0 Safari/537.36 Edg/117.0.2045.4
16, Mozilla/5.0 (Windows NT 10.0; Win64; x64) AppleWebKit/537.36 (KHTML, like Gecko) Chrome/86.0.4240.198 Safari/537.3
17, Mozilla/5.0 (Windows NT 10.0; Win64; x64; rv:102.0) Gecko/20100101 Firefox/102.
18, Mozilla/5.0 (X11; CrOS x86_64 14541.0.0) AppleWebKit/537.36 (KHTML, like Gecko) Chrome/120.0.0.0 Safari/537.3
19, Mozilla/5.0 (Linux; Android 10; K) AppleWebKit/537.36 (KHTML, like Gecko) Chrome/120.0.0.0 Mobile Safari/537.3
20, Mozilla/5.0 (iPhone; CPU iPhone OS 17_2_1 like Mac OS X) AppleWebKit/605.1.15 (KHTML, like Gecko) Version/17.2 Mobile/15E148 Safari/604.
21, Mozilla/5.0 (Linux; Android 10; K) AppleWebKit/537.36 (KHTML, like Gecko) Chrome/117.0.0.0 Mobile Safari/537.3
22, Mozilla/5.0 (iPhone; CPU iPhone OS 16_2 like Mac OS X) AppleWebKit/605.1.15 (KHTML, like Gecko) Version/16.2 Mobile/15E148 Safari/604.
23, Mozilla/5.0 (Linux; Android 10; K) AppleWebKit/537.36 (KHTML, like Gecko) Chrome/119.0.0.0 Mobile Safari/537.3
24, Mozilla/5.0 (Linux; Android 10; K) AppleWebKit/537.36 (KHTML, like Gecko) Chrome/121.0.0.0 Mobile Safari/537.3
25, Mozilla/5.0 (Linux; Android 10; MAR-LX1A) AppleWebKit/537.36 (KHTML, like Gecko) Chrome/101.0.0.0 Mobile Safari/537.3
26, Mozilla/5.0 (Linux; Android 14; SAMSUNG SM-S918B) AppleWebKit/537.36 (KHTML, like Gecko) SamsungBrowser/23.0 Chrome/115.0.0.0 Mobile Safari/537.3
27, Mozilla/5.0 (Linux; Android 14; SAMSUNG SM-S908B) AppleWebKit/537.36 (KHTML, like Gecko) SamsungBrowser/23.0 Chrome/115.0.0.0 Mobile Safari/537.3
28, Mozilla/5.0 (iPhone; CPU iPhone OS 17_3 like Mac OS X) AppleWebKit/605.1.15 (KHTML, like Gecko) Version/17.3 Mobile/15E148 Safari/604.
29, Mozilla/5.0 (Linux; Android 13; SAMSUNG SM-A546B) AppleWebKit/537.36 (KHTML, like Gecko) SamsungBrowser/23.0 Chrome/115.0.0.0 Mobile Safari/537.3
30, Mozilla/5.0 (iPhone; CPU iPhone OS 15_8 like Mac OS X) AppleWebKit/605.1.15 (KHTML, like Gecko) CriOS/120.0.6099.119 Mobile/15E148 Safari/604.
31, Mozilla/5.0 (iPhone; CPU iPhone OS 16_1_1 like Mac OS X) AppleWebKit/605.1.15 (KHTML, like Gecko) Version/16.1 Mobile/15E148 Safari/604.
32, Mozilla/5.0 (iPhone; CPU iPhone OS 17_2 like Mac OS X) AppleWebKit/605.1.15 (KHTML, like Gecko) CriOS/121.0.6167.66 Mobile/15E148 Safari/604.
33, Mozilla/5.0 (iPhone; CPU iPhone OS 17_2 like Mac OS X) AppleWebKit/605.1.15 (KHTML, like Gecko) GSA/300.0.598994205 Mobile/15E148 Safari/604.
34, Mozilla/5.0 (Linux; Android 10; K) AppleWebKit/537.36 (KHTML, like Gecko) Chrome/112.0.0.0 Mobile Safari/537.3
35, Mozilla/5.0 (Linux; Android 10; YAL-L21; HMSCore 6.13.0.302; GMSCore 24.02.13) AppleWebKit/537.36 (KHTML, like Gecko) Chrome/99.0.4844.88 HuaweiBrowser/14.0.2.311 Mobile Safari/537.3
36, Mozilla/5.0 (Linux; Android 11; moto e20 Build/RONS31.267-94-14) AppleWebKit/537.36 (KHTML, like Gecko) Chrome/120.0.6099.230 Mobile Safari/537.3
37, Mozilla/5.0 (Linux; Android 13; SAMSUNG SM-G781B) AppleWebKit/537.36 (KHTML, like Gecko) SamsungBrowser/23.0 Chrome/115.0.0.0 Mobile Safari/537.3
38, Mozilla/5.0 (Linux; Android 13; SAMSUNG SM-G990B2) AppleWebKit/537.36 (KHTML, like Gecko) SamsungBrowser/23.0 Chrome/115.0.0.0 Mobile Safari/537.3
39, Mozilla/5.0 (Linux; Android 14; SAMSUNG SM-A528B) AppleWebKit/537.36 (KHTML, like Gecko) SamsungBrowser/23.0 Chrome/115.0.0.0 Mobile Safari/537.3
40, Mozilla/5.0 (iPhone; CPU iPhone OS 17_2 like Mac OS X) AppleWebKit/605.1.15 (KHTML, like Gecko) CriOS/120.0.6099.119 Mobile/15E148 Safari/604.
41, Mozilla/5.0 (Linux; Android 10; K) AppleWebKit/537.36 (KHTML, like Gecko) Chrome/111.0.0.0 Mobile Safari/537.3
42, Mozilla/5.0 (Windows NT 10.0; Win64; x64) AppleWebKit/537.36 (KHTML, like Gecko) Chrome/121.0.0.0 Safari/537.36
43, Mozilla/5.0 (Windows NT 10.0; Win64; x64) AppleWebKit/537.36 (KHTML, like Gecko) Chrome/121.0.0.0 Safari/537.36 Edg/120.0.2210.144
44, Mozilla/5.0 (Windows NT 10.0; Win64; x64; Xbox; Xbox One) AppleWebKit/537.36 (KHTML, like Gecko) Chrome/121.0.0.0 Safari/537.36 Edge/44.18363.8131
45, Mozilla/5.0 (Windows NT 10.0; Win64; x64; rv:109.0) Gecko/20100101 Firefox/122.0
46, Mozilla/5.0 (Windows NT 10.0; Win64; x64; rv:115.0) Gecko/20100101 Firefox/115.0
47, Mozilla/5.0 (Windows NT 10.0; Win64; x64) AppleWebKit/537.36 (KHTML, like Gecko) Chrome/121.0.0.0 Safari/537.36 OPR/106.0.0.0
48, Mozilla/5.0 (Windows NT 10.0; WOW64; x64) AppleWebKit/537.36 (KHTML, like Gecko) Chrome/121.0.0.0 Safari/537.36 OPR/106.0.0.0
49, Mozilla/5.0 (Macintosh; Intel Mac OS X 10_15_7) AppleWebKit/537.36 (KHTML, like Gecko) Chrome/121.0.0.0 Safari/537.36
50, Mozilla/5.0 (Macintosh; Intel Mac OS X 10_15_7) AppleWebKit/537.36 (KHTML, like Gecko) Chrome/121.0.0.0 Safari/537.36 Edg/120.0.2210.144
51, Mozilla/5.0 (Macintosh; Intel Mac OS X 14.3; rv:109.0) Gecko/20100101 Firefox/122.0
52, Mozilla/5.0 (Macintosh; Intel Mac OS X 14.3; rv:115.0) Gecko/20100101 Firefox/115.0
53, Mozilla/5.0 (Macintosh; Intel Mac OS X 14_3) AppleWebKit/605.1.15 (KHTML, like Gecko) Version/17.2 Safari/605.1.15
54, Mozilla/5.0 (Macintosh; Intel Mac OS X 14_3) AppleWebKit/537.36 (KHTML, like Gecko) Chrome/121.0.0.0 Safari/537.36 OPR/106.0.0.0
55, Mozilla/5.0 (X11; Linux x86_64) AppleWebKit/537.36 (KHTML, like Gecko) Chrome/121.0.0.0 Safari/537.36
56, Mozilla/5.0 (X11; Linux i686; rv:109.0) Gecko/20100101 Firefox/122.0
57, Mozilla/5.0 (X11; Linux x86_64; rv:109.0) Gecko/20100101 Firefox/122.0
58, Mozilla/5.0 (X11; Ubuntu; Linux i686; rv:109.0) Gecko/20100101 Firefox/122.0
59, Mozilla/5.0 (X11; Fedora; Linux x86_64; rv:109.0) Gecko/20100101 Firefox/122.0
60, Mozilla/5.0 (X11; Ubuntu; Linux x86_64; rv:109.0) Gecko/20100101 Firefox/122.0
61, Mozilla/5.0 (X11; Linux i686; rv:115.0) Gecko/20100101 Firefox/115.0
62, Mozilla/5.0 (X11; Ubuntu; Linux i686; rv:115.0) Gecko/20100101 Firefox/115.0
63, Mozilla/5.0 (X11; Ubuntu; Linux x86_64; rv:115.0) Gecko/20100101 Firefox/115.0
64, Mozilla/5.0 (X11; Fedora; Linux x86_64; rv:115.0) Gecko/20100101 Firefox/115.0
65, Mozilla/5.0 (X11; Linux x86_64) AppleWebKit/537.36 (KHTML, like Gecko) Chrome/121.0.0.0 Safari/537.36 OPR/106.0.0.0
66, Mozilla/5.0 (iPhone; CPU iPhone OS 17_3 like Mac OS X) AppleWebKit/605.1.15 (KHTML, like Gecko) CriOS/121.0.6167.66 Mobile/15E148 Safari/604.1
67, Mozilla/5.0 (iPhone; CPU iPhone OS 17_3 like Mac OS X) AppleWebKit/605.1.15 (KHTML, like Gecko) Version/17.0 EdgiOS/120.2210.150 Mobile/15E148 Safari/605.1.15
68, Mozilla/5.0 (iPhone; CPU iPhone OS 14_3 like Mac OS X) AppleWebKit/605.1.15 (KHTML, like Gecko) FxiOS/122.0 Mobile/15E148 Safari/605.1.15
69, Mozilla/5.0 (iPhone; CPU iPhone OS 17_3 like Mac OS X) AppleWebKit/605.1.15 (KHTML, like Gecko) Version/17.2 Mobile/15E148 Safari/604.1
70, Mozilla/5.0 (iPod; CPU iPhone OS 17_3 like Mac OS X) AppleWebKit/605.1.15 (KHTML, like Gecko) CriOS/121.0.6167.66 Mobile/15E148 Safari/604.1
71, Mozilla/5.0 (iPod touch; CPU iPhone OS 14_3 like Mac OS X) AppleWebKit/604.5.6 (KHTML, like Gecko) FxiOS/122.0 Mobile/15E148 Safari/605.1.15
72, Mozilla/5.0 (iPod touch; CPU iPhone 17_3 like Mac OS X) AppleWebKit/605.1.15 (KHTML, like Gecko) Version/17.2 Mobile/15E148 Safari/604.1
73, Mozilla/5.0 (iPad; CPU OS 14_3 like Mac OS X) AppleWebKit/605.1.15 (KHTML, like Gecko) FxiOS/122.0 Mobile/15E148 Safari/605.1.15
74, Mozilla/5.0 (iPad; CPU OS 17_3 like Mac OS X) AppleWebKit/605.1.15 (KHTML, like Gecko) Version/17.2 Mobile/15E148 Safari/604.1
75, Mozilla/5.0 (Linux; Android 10; K) AppleWebKit/537.36 (KHTML, like Gecko) Chrome/121.0.6167.101 Mobile Safari/537.36
76, Mozilla/5.0 (Linux; Android 10; HD1913) AppleWebKit/537.36 (KHTML, like Gecko) Chrome/121.0.6167.101 Mobile Safari/537.36 EdgA/120.0.2210.141
77, Mozilla/5.0 (Linux; Android 10; SM-G973F) AppleWebKit/537.36 (KHTML, like Gecko) Chrome/121.0.6167.101 Mobile Safari/537.36 EdgA/120.0.2210.141
78, Mozilla/5.0 (Linux; Android 10; Pixel 3 XL) AppleWebKit/537.36 (KHTML, like Gecko) Chrome/121.0.6167.101 Mobile Safari/537.36 EdgA/120.0.2210.141
79, Mozilla/5.0 (Linux; Android 10; ONEPLUS A6003) AppleWebKit/537.36 (KHTML, like Gecko) Chrome/121.0.6167.101 Mobile Safari/537.36 EdgA/120.0.2210.141
80, Mozilla/5.0 (Windows Mobile 10; Android 10.0; Microsoft; Lumia 950XL) AppleWebKit/537.36 (KHTML, like Gecko) Chrome/121.0.0.0 Mobile Safari/537.36 Edge/40.15254.603
81, Mozilla/5.0 (Android 14; Mobile; rv:109.0) Gecko/122.0 Firefox/122.0
82, Mozilla/5.0 (Android 14; Mobile; LG-M255; rv:122.0) Gecko/122.0 Firefox/122.0
83, Mozilla/5.0 (Linux; Android 10; VOG-L29) AppleWebKit/537.36 (KHTML, like Gecko) Chrome/121.0.6167.101 Mobile Safari/537.36 OPR/76.2.4027.73374
84, Mozilla/5.0 (Linux; Android 10; SM-G970F) AppleWebKit/537.36 (KHTML, like Gecko) Chrome/121.0.6167.101 Mobile Safari/537.36 OPR/76.2.4027.73374
85, Mozilla/5.0 (Linux; Android 10; SM-N975F) AppleWebKit/537.36 (KHTML, like Gecko) Chrome/121.0.6167.101 Mobile Safari/537.36 OPR/76.2.4027.73374
86, Mozilla/5.0 (Linux; Android 13; SM-S901B) AppleWebKit/537.36 (KHTML, like Gecko) Chrome/112.0.0.0 Mobile Safari/537.36
87, Mozilla/5.0 (Linux; Android 13; SM-S901U) AppleWebKit/537.36 (KHTML, like Gecko) Chrome/112.0.0.0 Mobile Safari/537.36
88, Mozilla/5.0 (Linux; Android 13; SM-S908B) AppleWebKit/537.36 (KHTML, like Gecko) Chrome/112.0.0.0 Mobile Safari/537.36
89, Mozilla/5.0 (Linux; Android 13; SM-S908U) AppleWebKit/537.36 (KHTML, like Gecko) Chrome/111.0.0.0 Mobile Safari/537.36
90, Mozilla/5.0 (Linux; Android 13; SM-G991B) AppleWebKit/537.36 (KHTML, like Gecko) Chrome/112.0.0.0 Mobile Safari/537.36
91, Mozilla/5.0 (Linux; Android 13; SM-G991U) AppleWebKit/537.36 (KHTML, like Gecko) Chrome/112.0.0.0 Mobile Safari/537.36
92, Mozilla/5.0 (Linux; Android 13; SM-G998B) AppleWebKit/537.36 (KHTML, like Gecko) Chrome/112.0.0.0 Mobile Safari/537.36
93, Mozilla/5.0 (Linux; Android 13; SM-G998U) AppleWebKit/537.36 (KHTML, like Gecko) Chrome/112.0.0.0 Mobile Safari/537.36
94, Mozilla/5.0 (Linux; Android 13; SM-A536B) AppleWebKit/537.36 (KHTML, like Gecko) Chrome/112.0.0.0 Mobile Safari/537.36
95, Mozilla/5.0 (Linux; Android 13; SM-A536U) AppleWebKit/537.36 (KHTML, like Gecko) Chrome/112.0.0.0 Mobile Safari/537.36
96, Mozilla/5.0 (Linux; Android 13; SM-A515F) AppleWebKit/537.36 (KHTML, like Gecko) Chrome/112.0.0.0 Mobile Safari/537.36
97, Mozilla/5.0 (Linux; Android 13; SM-A515U) AppleWebKit/537.36 (KHTML, like Gecko) Chrome/112.0.0.0 Mobile Safari/537.36
98, Mozilla/5.0 (Linux; Android 12; SM-G973F) AppleWebKit/537.36 (KHTML, like Gecko) Chrome/112.0.0.0 Mobile Safari/537.36
99, Mozilla/5.0 (Linux; Android 12; SM-G973U) AppleWebKit/537.36 (KHTML, like Gecko) Chrome/112.0.0.0 Mobile Safari/537.36
